id_original,texto_limpio,etiqueta_original,prediccion_svm
61,la tirana codicia del hermano impia ocasion del fin de tu siqueo huiste fiel por el airado egeo elisa hasta el termino africano donde reliquias del ardor troyano encendieron en ti nuevo deseo y entregaste en infausto himeneo al teucro enganador la fe y la mano despreciaste en tu dano presurosa la merecida fama que destruyes con el engano que obstinada quieres oh en ambas bodas poco venturosa muriendo el uno perseguida huyes huyendo el otro desdenada mueres,Amoroso,Amoroso
12,nereidas que con manos de esmeraldas para sangrarle las ocultas venas de perlas nacar y corales llenas azotais de neptuno las espaldas y cenidas las frentes de guirnaldas sobre azules delfines y ballenas oro puro cerneis de las arenas y lo guardais en las mojadas faldas decidme asi de vuestro alegre coro no os aparte aquel dios que en eolia mora ni con valiente soplo os haga agravios hallais corales perlas nacar oro tal como yo los hallo en mi senora en cabellos en frente en boca en labios,Amoroso,Religioso Mistico
582,en el prospero tiempo las serenas planen e lloran recelando el mal en el adverso ledas cantinelas cantan e atienden al buen temporal mas que sera de mi que las mis penas cuitas trabajos e largor mortal jamas alternan ni son punto ajenas sea destino o curso fatal mas emprentadas el animo mio las tiene como piedra la figura fixas estables sin algun reposo el cuerdo acuerda mas non el sandio la muerte veo e non me do cura tal es la llaga del dardo amoroso,Melancolico,Melancolico
7,julia si de la parca el furor ciego permitiera en tu vida mas tardanza no viera roma en su mayor pujanza de las guerras domesticas el fuego que semejante en el piadoso ruego a las sabinas la furiosa lanza redujeras repuesta la venganza a paz alegre y a comun sosiego al detenido dano y armas fieras tu acelerada muerte abrio camino rota la fe que violentada estaba tu sola el istmo de estas ondas eras mas acabo la fuerza del destino vida que tantas muertes excusaba,Melancolico,Melancolico
597,horas breves de mi contentamiento nunca pense jamas cuando os tenia que por mi mal trocadas os veria en tan cumplidas horas de tormento las torres que funde se llevo el viento como el viento veloz las sostenia mas de todo este mal la culpa es mia pues hice sobre falso el juramento amor con vanas muestras aparece todo lo hace llano y lo asegura y luego a lo mejor desaparece oh grande mal oh grande desventura por un pequeno bien que desfallece aventurar un bien que siempre dura,Amoroso,Religioso Mistico
581,cuentan que esforaba thimoteo a los estrenuos e magnos varones e los movia con viril desseo con agros sones e fieras canciones a la batalla e del mismo leo los retornaba con modulaciones e dulce carmen d aquel tal meneo e reposaba los sus coracones assi el animo mio se altivece se jacta e loa porque vos amo cuando yo veo tanta fermosura mas luego pronpto e presto s entristece e se maldize porque lo assayo vista vuestra crueza cuanto dura,Amoroso,Amoroso
155,lisipo a solas el trasunto vero pudo esculpir del macedonio marte do reguladas fuerzas y arte fue el escultor igual a su guerrero pues tu que agora juntas marte ibero al mundo antiguo tu segunda parte bien debe quien intenta figurarte sobrar la industria del buril primero mas como de alejandro el soberano reino te aumenta el cielo gran filipo asi te da escultor que al suyo eccede ya ves docta labor en tosca mano que oscureciendo el arte de lisipo tu espiritu infundir al marmol puede,Religioso Mistico,Religioso Mistico
487,docto museo cuyo aliento altivo escribe el sol en laminas lucientes y es la memoria de futuras gentes de tanto escrito tomo sucesivo hospede grato el bronce siempre vivo vuestros nombres y espiritus valientes pues aun con ser apolos elocuentes os festeja amoroso el ramo esquivo venid vivid la edad de vuestro nombre por mas que el tiempo destruidor presuma de tanto ingenio oscurecer la llama y para que os debais vuestro renombre no ajena voz alaba vuestra pluma prestad plumas y voz a vuestra fama,Melancolico,Religioso Mistico
361,si un fenix de otro fenix producido la forma tiene de aquel ser unida y junta a los rigores de homicida piadoso fuego que sirvio de nido muriendo lope montalban ha sido el fenix que naciendo le da vida con su estilo con gloria repetida a pesar de las aguas del olvido mas hoy del fenix muere el heredero lloren las musas y lamente apolo en el siglo presente y venidero y siempre se lamente y llore el polo cuando procede el hado tan severo y hasta el numero muere y queda el solo,Melancolico,Melancolico
555,a coronarte nubes castro al cielo rio a acabar te escondes en la tierra mendoza vuelas rayo de la guerra hurtado bajas desatado el cielo hurtado rio mueres en el suelo mendoza brillas astro que no yerra en tu curso fatal sutil se encierra en fin sagrado dueno y otro vuelo rio en la mar en el calor hurtado mendoza en aire en ceniza castro fue lamentar compuesto se destroza pero espiritu todo arrebatado nuevo te admira el orbe todo un astro de hurtado castro rio de mendoza,Religioso Mistico,Religioso Mistico
507,yace tendido en la desierta arena que casi siempre el mar bana y esconde de thirsi el cuerpo el alma alberga donde sembro amor las simientes de su pena alli mientras su llanto amargo suena entre las penas eco le responde thirsi cuitado adonde estas por donde saldras a ver tu luz pura y serena aqui el cielo nubloso el viento airado mantiene con el mar perpetua guerra y el con estas montanas que rodea ah de thirsi de dolor cercado mas que de mar cuando sera que lea phili en tu frente lo que el pecho encierra,Religioso Mistico,Religioso Mistico
38,de vos me aparto honor en tal mudanza alegre de mi mal mi infamia siento de que me servira tener contento si mas ha de perder quien mas alcanza quiteme amor el bien de la esperanza que si van mis desdichas en aumento por fuerza ha de dejarle a mi tormento la memoria por ser lo que mas cansa viviendo la memoria ha de matarme quitarme la esperanza es darme muerte leno en mar proceloso voy y vengo pero quiero en mis males consolarme tengo esperanza no pues de que suerte me ha de quitar amor lo que no tengo,Amoroso,Amoroso
542,este que acaso incierto es el cuidado la fe venere misterioso acierto sacro favor que se vincula cierto al merito feliz de imaginado de madre oh virgen es mayor agrado pues hoy de vuestro corazon advierto que por mostrarle al hombre descubierto al hijo dios le permitis negado y si el es otro en vos y no segundo dire que le aplicais a la otra parte porque en entrambas el error le acierte mas oh infelice cuanto ingrato mundo este que arbitrio fue para ganarte tomas para disculpa del perderte,Religioso Mistico,Religioso Mistico
270,quien muere alli detente escucha mira no ves que gran dolor otra vez huerto cadaver tronco que de horror cubierto a otro tronco en sufrir alma respira desde la cruz un heroe aliento inspira al gran javier que mide con pie incierto el indio suelo y congojado o muerto la tierra el aire el agua el fuego admira suda javier todo alma padeciendo sude cristo que es cuerpo en pena aguda en cuerpo y alma esta el amor muriendo el cuerpo y al verdad mueren sin duda que como el alma gime falleciendo el cuerpo alla en la cruz sangre trasuda,Religioso Mistico,Religioso Mistico
244,dilatandose va por esos llanos los verdes montes y los claros rios largos los unos para ser desvios altos los otros para ser tiranos agora de los astros soberanos cumplen la obstinacion mis desvarios cual si fuesen tambien los albedrios sujetos a las furias de sus manos pero tu estrella celestial subida los astros venceras rios y montes vengandole a mis ojos su violencia luz gozara la fe alma la vida miedo la suerte sol los horizontes paga el amor y credito la ausencia,Religioso Mistico,Amoroso
24,los campos de madrid isidro santo angeles aran cuando tu arrobado estas con dios y en dios tan endiosado que el heroe labrador da al cielo espanto angelicas cohortes entre tanto a iban por ti ministran tu cuidado candidos bueyes celestial arado el campo fructifican sacrosanto aqueste labrador orando alcanza con lagrimas de gozo enternecido labrarse para dios darse en tributo las angeles que estan en su labranza por cosecha del cielo le han cogido sembrando aqui sus lagrimas el fruto,Religioso Mistico,Religioso Mistico
142,pudo rendirse a la cruel dolencia la majestad del cedro mas pomposo que tan bien buscan triunfo glorioso los rayos del dolor en la eminencia cesen lamentos ya pues su violencia solo fue amago en trueno escandaloso porque topo del golpe lo furioso en el laurel augusto resistencia pudo morir y resistiose altiva o nunca al riesgo su valor se ablande mariana que siempre inmortal viva que no el golpe por mas que se desmande lo grande luego de su ser derriba aunque lo encuentre luego por lo grande,Melancolico,Melancolico
540,un ulises prudente un pio eneas en sus largos viajes y cuidados de animos y elementos indicados metidos en mil asperas peleas hace mi hermano aqui lector que veas en un monje pobrisimo cifrados y con cristiana poesia ornados de mil hermosas galas y libreas y vivamente ante tus ojos pone la maravilla vista en monserrate del virginal retrato y templo santo el arte juzga tu con que dispone y guarda y da su altisimo quilate al verso heroico y al heroico canto,Religioso Mistico,Religioso Mistico
543,con el mismo instrumento en que solia el pastor de partenope famoso hacer son tan suave y deleitoso que fieras aves y hombres suspendia hace lope tambien tal armonia con el arco y el verso numeroso que mejor otra vez del espantoso centro sacar a euridice podria ya la destreza de la suelta mano entra la pausa musica y redobles junta la varia voz con tal dulzura que es lope como amor dulce tirano de entendimientos altos de almas nobles que aspiran solo a la divina altura,Amoroso,Religioso Mistico
246,yo vi del rojo sol la luz serena turbarse y que en un punto desparece su alegre faz y en torno se oscurece el cielo con tiniebla de horror llena el austro proceloso airado suena crece su furia y la tormenta crece y en los hombros de e atlante se estremece el alto olimpo y con espanto truena mas luego vi romperse el negro velo deshecho en agua y a su luz primera restituirse alegre el claro dia y de nuevo esplendor ornado el cielo mire y dije quien sabe si le espera igual mudanza a la fortuna mia,Religioso Mistico,Religioso Mistico
272,sobre el sepulcro del ilustre griego que honro con sus cenizas el sigeo mejor que a caria el rico mausoleo alejandro paro y exclamo luego oh gloria de la grecia claro fuego cuya llama las nieblas del leteo no bastan a encubrir ni su trofeo robar podra jamas olvido ciego a ti dichoso joven guardo el cielo porque eterno tu nombre al mundo fuera del grande homero la divina historia que si de aquella pluma el alto vuelo faltara un mismo tumulo cubriera tu mortal suerte y tu inmortal memoria,Religioso Mistico,Amoroso
164,sone que una piedra me arrojaba quien mi querer sujeto asi tenia y casi ya en la boca me cogia una fiera que abajo me esperaba yo con temor buscando procuraba de donde con las manos me tendria y el filo de una espada la una asia y en una hierbezuela la otra hincaba la yerba a mas andar la iba arrancando la espada a mi la mano deshaciendo yo mas sus filos vivos apretando oh misero de mi que mal me entiendo pues huelgo verme estar despedazado de miedo de acabar mi mal muriendo,Amoroso,Melancolico
143,bana llorando el ofendido lecho de colatino la consorte amada y en la tirana fuerza disculpada si no la voluntad castiga el hecho rompe con hierro agudo el casto pecho y abre camino al alma que indignada baja a la oscura sombra do vengada aun duda si su ofensa ha satisfecho vencio el paterno llanto endurecida y de su esposo el ruego que no basta menosprecio con un mortal desvio ceda al debido honor la dulce vida que no es bien dijo que otra menos casta ose vivir con el ejemplo mio,Melancolico,Amoroso
478,si francia esta gloriosa y arrogante por tener doce pares de la fama si anibal a cartago la encarama pues dio en guerras de si prueba bastante si africa con cipion esta pujante pues en las arma su valor derrama hoy noble capitan la misma fama y el enemigo triste quien sois cante si parnaso es tenido y reputado por ser morada de las musa nueve por eso vos tambien sois alabado si alguno ver quisiere si es quien debe en este curiosisimo tratado su grande ingenio y mucho saber pruebe que el capitan se atreve en aspereza tal de la montana dar verso de dulzura tan extrana,Melancolico,Amoroso
217,lidia de tu avarienta hermosura pide el tiempo enemigo estrecha cuenta ya ni el crespo cabello al oro afrenta ni las mejillas a la nieve pura tu mentida belleza mal segura en vano reparar el dano intenta de la edad que en sus ojos representa con tragedia mortal la lumbre oscura ya ya no me veras de noche al viento banar de infame llanto tus umbrales comparando a la suya su dureza que el tiempo con efectos desiguales me da venganza roba tu belleza te da dolor y cura mi tormento,Melancolico,Melancolico
359,imagen de la vida y de la muerte que vida y muerte son un breve sueno treguas de paz al riguroso ceno de la mas infeliz y dura suerte pues en ti su rigor el arco fuerte afloja y calma el combatido leno recibeme en tu paz en cuyo empeno mi guerra entrego hasta que en paz despierte ya que otro bien no ofreces sueno amigo sino privar del mal y eres figura del no ser privacion del todo extrema no me niegues el seno de tu abrigo donde hallando su fin mi desventura n mas miseria ni mayor la tema,Melancolico,Melancolico
354,confeso en el linaje y moro puto y mixto en linea estrecha con villano ya he visto ser la flecha de tu mano y que eso es tu lenguaje y tu tributo avieso fue el ultraje disoluto de listo erro la flecha el cuero insano que a cristo iba derecha y dio al cristiano suceso que en tu traje pondra luto detenga esa lanzada de minerva y caiga o no en la cuenta de sus yerros si asesta otra contemple esta medida y venga enherbolada en esa yerba y traiga la tormenta de tres fierros como esta que no hay temple que la impida,Religioso Mistico,Religioso Mistico
508,anima devota que en el signo e santo nombre estas contenplando e los sus rayos con viso aquilino solares miras fixo non vagando seras perfecto e discipulo digno del pobre seraphico guardando el orden suyo ganaste el devino lugar eterno do vivis triunfando ningunas dignidades corrompieron el fuerte muro de tu santidad sabenlo siena ferrara e orbino nin las sus ricas mitras conmovieron las tus ynopias nin tu pobredad por mi te ruego ruegues bernaldino,Religioso Mistico,Amoroso
130,mientras quede cartago las banderas triunfar intentan del valor romano y espera victorioso el africano pisar del vago tiber las riberas tu grande dictador entre las fieras trompas con lento pie y segura mano sin sangre alguna derribaste el vano orgullo de las armas extranjeras no te vencio de la opinion contraria el opuesto rumor a tu alabanza que facilmente lo desprecia el sabio oh prudente esperar oh voluntaria constancia por quien roma ver alcanza a anibal roto y vencedor a fabio,Heroico,Amoroso
328,esta que guarda candida ceniza tanto valor fajardo en urna breve despojos mudos de la muerte aleve que la fama retorica eterniza hoy su pompa su maquina eterniza tierna piedad que a un pecho heroico mueve y pagando a su sangre lo que debe su fin dichoso encanto solemniza renueva el sentimiento la memoria de tanto puesto sol que en luz fecundo viven aunque murio sus resplandores que es bien que corresponda a eterna gloria otro nuevo dolor para que el mundo una perdida cueste dos dolores,Melancolico,Melancolico
287,musas italianas y latinas gentes en estas partes tan extrana como habeis venido a nuestra espana tan nuevas y hermosas clavelinas o quien os a traido a ser vecinas del tajo de sus montes y campana o quien es el que os guia y acompana de tierras tan ajenas peregrinas don diego de mendoza y garcilaso nos trujeron y boscan y luis de haro por orden y favor del dios apolo los dos llevo la muerte paso a paso soliman el uno y por amparo solo queda don diego y basta solo,Religioso Mistico,Religioso Mistico
340,si entre los sabios griegos fue ilustrado homero por su tan subida rima y entre latinos se le dio la prima al mantuano heroico celebrado que merece el que el vuelo a levantado cantando lo que el cielo tanto estima como es un pecador cuando se anima a salir con fervor de su pecado mayor palma es la vuestra y mayor gloria virues pues con poema peregrino cantais del gran garin las alabanzas y de aquel santuario la memoria eternizais abriendonos camino a contemplar divinas esperanzas,Religioso Mistico,Religioso Mistico
337,vuelve mortal deten el paso incierto y veras al que en polvo reducido fue cuanto pudo y es cuanto no ha sido de tanta humanidad seguro puerto no le llores de lagrimas cubierto pues yace vencedor contra el olvido que si lope murio de haber nacido tambien ahora vive de haber muerto fallecio en su mortal naturaleza y si tu con piedad enternecida trasladas su memoria a tu flaqueza llora su pluma al mundo ya perdida que no te obligara a mayor tristeza el que murio para tener mas vida,Melancolico,Melancolico
205,del vencedor huyendo a lesbos deja pompeyo roto en la farsalia guerra con su esposa se embarca y a la tierra que inunda el nilo por su mal se aleja que el hado riguroso que le aqueja y al extranjero reino le destierra en la seguridad que busca encierra el fin que dio a cornelia eterna queja fiera tormenta en el buscado puerto el gran pompeyo halla en vez de abrigo quien las mudanzas de la suerte ignora quien no recelara el suceso incierto si da la muerte el obligado amigo si el enemigo vencedor le llora,Melancolico,Melancolico
427,esta ciudad que el africano doma cuando mas espantaban sus banderas y vio las armas y las huestes fieras de jupiter de cristo y de mahoma esta muralla que en el monte asoma que ya sirve de nidos en canteras acabo si mas conservo de veras la consagrada fe que le dio roma ah fe sola entre piedras sostenida mal guardada en humanos corazones adonde mereciera estar tu punto guarda esos muros donde estas asida que acabaran tu nombre y tus blasones en acabando yo y faltar sagunto,Religioso Mistico,Religioso Mistico
63,vive inmortal milagro peregrino que aconteciste raro a nuestra espana en cuanto el mundo en ti se desengana de que abriste a las musas el camino ya callara la envidia del destino obediente a su barbara guadana vive vive inmortal pues te acompana toda una eternidad para divino de tu gran monumento voto sea cuanta del pindo devocion ardiente fue en otro tiempo en aras y en altares porque la envidia a su despecho vea que asiste a lope en culto reverente de tres orbes la fe de cuatro mares,Religioso Mistico,Melancolico
212,no me admira de vos padilla tanto el admirable ingenio soberano ni que al de esmirna llegue vuestra mano ni igualar al de tracia vuestro canto ni la presteza a quien con nuevo espanto aquel que llegar piensa piensa en vano que aunque esto pasar muestra el curso humano puedelo todo el justo cielo santo mas admirame ver que en la edad nuestra haya quien piense dar tan alto vuelo que a llegar diga lo que en vos se encierra digalo esta labor divina vuestra que ella os hace milagros aca del cielo honor de espana y gloria de la tierra,Religioso Mistico,Religioso Mistico
304,maldito seas amor perpetuamente tu nombre tu saeta venda y fuego tu nombre que con tal desasosiego me fuerza a andar perdido entre la gente tu flecha que me hizo asi obediente de aquella falsa de quien ya reniego tu venda con que me hiciste ciego y asi juzgue por angel la serpiente y el fuego sea maldito cuya llama no toca al cuerdo que es muy gran locura y al necio solo su crueldad consiente y asi el cuitado espiritu que ama dira tu rostro viendo o tu figura maldito seas amor perpetuamente,Amoroso,Amoroso
308,esplendores celajes riguroso salvaje llama liquido candores vagueza faz purpurea cintia ardores otra vez esplendores caluroso ufania apacible numeroso luengo osadia afan verdor errores otra y quinientas veces esplendores mas esplendores crespo glorioso cercos asperos albos encrespado esparcir espirar lustre fatales cambiar y de esplendor otro poquito luces eburneo nitido asombrado orna colora joven celestiales esto quitado cierto que es bonito,Melancolico,Religioso Mistico
68,el jabali de arcadia el leon nemeo el toro a los cien pueblos pavoroso cayeron a mis pies y victorioso de la hidra me vio el lago lerneo el can de tres gargantas y tifeo fieras guardas del claustro tenebroso no burlaron mi intento generoso ni le valio caer al fuerte anteo ejemplos de mi ilustre vencimiento son aceloo busiris y diodemes y el rey a quien huir hesperia mira mas por que ufano mis historias cuento cautivo en tu prision cuanto mas puedes si me rendiste oh bella deyamira,Heroico,Amoroso
578,non es a non de limitar el ano el mes nin la semana nin el dia la hora el punto sea tal engano lexos de nos e fuyga toda via cuando menos dudamos nuestro dano la grand baylessa de nuestra baylia corta la tela del humanal pano non suenan trompas nin nos desafia pues non sirvamos a quien non debemos nin es servida con mil servidores naturaleza si bien lo entendemos de poca es farta nin procura honores jove se sirva e a ceres dexemos nin piense alguno servir dos senores,Heroico,Amoroso
259,ay de cuan poco sirve al arrogante el edificio que soberbio empina sobre pilastras de tenaro y fina de marmol piedra y color cambiante pues cuanto mas del suelo se levante maquina excelsa al cielo convecina tanto mas cerca atiende a su ruina tanto mas cerca al rayo del tonante consumira en los jaspes su tesoro y consumidos de la propia suerte ellos seran en terminos ligero y por ventura entre alabastros y oro del alto capitel vera su muerte pobre y desnudo el sucesor primero,Religioso Mistico,Religioso Mistico
261,vuela o cisne espanol a mejor nido y en eterna region te fija estrella de albergue muda y con tu fama huella las precisas injurias del olvido mejorar no es morir que aunque oprimido al raro bulto helada pira sella felice fue la ruina pues por ella firme padron tu fama te ha erigido sola una gloria adquiere el hombre sabio mas sin morir no se adquirio esta gloria que en la posteridad fundo su suerte muere o tu pues aunque parezca agravio que por verte inmortal a la memoria sera festivo el llanto de tu muerte,Melancolico,Melancolico
534,si en verde oriente ya luz encarnada es de tu sol oh flor sena olorosa no crezcas hasta el dia de ser rosa que son las horas muerte disfrazada no mas beldad aspires enganada que estas si creces en llegando a hermosa del achaque de un dia peligrosa de enfermedad de un sol amenazada arrepentida en balde flor vecina pues a tu error no sirve su experiencia aproveche a tu riesgo documento baste ya de otras rosas la ruina no te prosigas que en mortal dolencia ninguno de si mismo es escarmiento,Amoroso,Amoroso
26,a quien vive aqui c un pobre peregrino a pues peregrino con hogar y casa c no la veis toda ya desierta y rasa que solo este sobrado quedo en pino a quien os trajo a tal lugar c mi sino a quien sois c soy viento que no vuelve y pasa tuve favor del mundo tuve el asa paso el buen tiempo y el adverso vino a que haceis aqui c un cesto una canasta tal vez de mimbre tal de seco esparto con que gano el sustento que me basta y no me vi os prometo jamas harto de pretensiones militares hasta que el desengano me alquilo este cuarto,Melancolico,Amoroso
412,cantas con primor tanto soberano que logrando las dichas del acierto en la posteridad tomaste puerto gloria mayor del territorio hispano no el camoens en las veras lusitano no el pindaro andaluz en chanza experto consiguieron en ritmos el concierto que hoy con la pluma nos dicto tu mano canta a pesar del odio y de la envidia joven ilustre cuya edad derrama celestes por las zonas esplendores para triunfo mayor con todos lidia y veras con las manos de la fama tu frente coronar de varias flores,Heroico,Amoroso
322,que son confuso que rumor tremendo de armas francesas oigo en coyuntura tan de dolor y en la tiniebla oscura templados parches militar estruendo que concavos volcanes escupiendo flamantes globos miro que espesura de negros humos infernal figura formidable espectaculo y horrendo por mas que afectas musa entronizarte metiendo en arma el universo todo con estilo grandilocuo y valiente mas de mercurio y venus que de marte hallo en tu descripcion y la acomodo a cierto joven galico doliente,Melancolico,Amoroso
227,asi senor sentis ver oprimido de javier el valor ceda al tormento que en efigie insensible sentimiento mostrais de sacra purpura tenido tan propio vuestro su dolor ha sido que os precisa el dolor a que sangriento segunda vez os vea el instrumento en que por vos fue el hombre redimido es javier quien padece que lo dudo cuando veo el efecto riguroso en vos el golpe que javier recibe mas si en javier vivis ya veo que pudo ser vuestro su dolor pues amoroso padece el corazon en donde vive,Amoroso,Religioso Mistico
370,bien puede hacer amor lo que quisiere mas que puede hacer ya que no haya hecho secreto esta mi mal aca en el pecho entiendalo no mas quien me entendiere yo callare senora si pudiere y si podre por fuerza o por derecho por ser tan bueno el mal que me habeis hecho que no deseare mas mientras viviere dentro en mi alma estais siempre metida si no cabeis en ella por ser grande exceso es vuestro que no falta suya sufrid por lengua y pluma que despida no lo forceis que tan estrecha ande que me aparte de vos y me destruya,Amoroso,Amoroso
433,lejos de vos e cerca de cuidado pobre de gozo e rico de tristeza fallido de reposo e abastado de mortal pena congoja y graveza desnudo de esperanza e abrigado de inmensa cuita e visto d aspereza la mi vida me huye mal mi agrado la muerte me persigue sin pereza ni son bastantes a satisfacer la sed ardiente de mi gran deseo tajo al presente ni a me a socorrer la enferma guadiana ni la creo solo guadalquivir tiene poder de me sanar e solo aquel deseo,Amoroso,Melancolico
343,vido a tirena descubierto el pecho felino el suyo convertido en lloro fijo mirando las dos pomas de oro que le han puesto la vida en tanto estrecho ay dice no es posible que sea hecho de piedra dura tan gentil tesoro no es este aquel de tigre o bien de toro que la vida y entranas me han deshecho mas viendo que ella un punto no desiste su mal oyendo y su tormento puro ni aun vuelve el rostro al alabar primero dice llorando arrepentido y triste mas piedra eres que piedra pecho duro y no digo que piedra mas que acero,Melancolico,Melancolico
466,amor es fuego que arde sin arder una herida que duele sin lamento un gran acontecimiento sin contento un dolor que maltrata sin dolor es un querer tan solo bien querer es andar solitario entre la gente es un no encontrar nada que contente es creer que se gana con perder es estar prisionero a voluntad es servir a quien vence al vencedor tener con quien nos mata lealtad mas como encontrar puede su favor del muerto corazon conformidad siendo en si tan contrario al mismo amor,Amoroso,Amoroso
168,un numero y dulzura milagrosa suave estilo erudicion con seso tiene lope de vega con exceso sobre cuantos escriben verso o prosa natural es el numen y copiosa la vena cual caracter sacro impreso es sabroso en lo lirico y el peso en su epico poema es grave cosa tiene eleccion dispone y en el solo se ve en lo sumo la una y la otra parte de ciencia y natural con tal grandeza que se puede dudar por este apolo si la naturaleza vence al arte o vence el arte a la naturaleza,Religioso Mistico,Religioso Mistico
267,cansado de sufrir mi sufrimiento muerta de sus desdenes mi esperanza cierto de que en mi mal no habra mudanza y ronco de esparcir quejas al viento llame la muerte de morir contento si tanto bien un desdichado alcanza que aun de morir no tiene confianza solo por ser alivio a su tormento mas de mi triste estado condolida llego la muerte y yo llegue a la muerte y estorbomela el gusto de morirme porque con este sustente la vida oh nunca y vista desdichada suerte que lo que quiero venga yo a impedirme,Melancolico,Melancolico
362,ruisenor amoroso cuyo llanto no hay noble que no deje enternecido oh si tu voz cantase mi gemido oh si gimiera mi dolor tu canto esperar mi desvelo osara tanto que mereciese por lo bien sentido ser escuchado cuando no creido de la que es de mi amor hermoso encanto que mal empleas tu caudal sonoro cantando el alba y a las flores bellas canta tu oh ruisenor lo que yo lloro acomoda en tu pico mis querellas que si las dices a quien tierno adoro con tu voz llegaras a las estrellas,Amoroso,Amoroso
500,del mal que lo amenaza al venturoso librarme quiero yo por desdichado porque no duele tanto examinado como cuesta el temor de un mal dudoso desde el dolor padece el no dichoso el feliz desde el miedo del cuidado su edad tiene un dolor y en lo esperado es hacer de mas anos lo penoso jamas alguno poseyo la suerte nada se goza un bien con un recelo que del mal la sospecha es importuna y pues a un bien no hay mal que no despierte en mi desdicha tengo mi consuelo si victoria no soy de otra fortuna,Melancolico,Melancolico
368,conservada cereza guinda cruda y en pesado vellon de ciento en ciento los anos del glorioso nacimiento de la encubierta majestad desnuda mercedes tales son que nadie duda ser imposible recibir descuento y cuando alguno de palabra intento hallo corto el caudal la lengua muda varios sucesos nuevos desenganos tristes malogros de esperanzas ciertas me tienen tanto mas reconocido vivame el par sin par dichosos anos pues de tan de par en par abre sus puertas del corazon piadoso a un desvalido,Amoroso,Amoroso
216,quien me dijera clori que algun dia te pudiera olvidar tan facilmente mientras soltero crin hizo en tu frente con hilos de oro lazos de rabia y mientras blanca juventud bullia en tus mejillas de carmin ardiente y entre tu blanco aljofar y luciente sirena te escucho se temio arpia todo con la memoria de un desprecio vino a olvidarse en mi mas no a olvidarse de modo que me niegue el conocerte quedate pues adios venga otro necio que sepa amarte y sepa no estimarse que yo por lo que vi no pienso verte,Satira,Amoroso
105,los campos de madrid isidro santo son heredad de dios su tierra cielo pues cuando contemplais eran el suelo espiritus divinos entretanto el labrador del cielo con su manto os hace sombra por mayor consuelo no os cause la labor algun desvelo pues gloria cogereis sembrando llanto surcad de dios con la oracion el pecho y los bellos cristales de los ojos rindan aprisa por madrid tributo contentareis a dios y satisfecho triunfareis de la gloria por despojos sembrando aqui sus lagrimas el fruto,Religioso Mistico,Religioso Mistico
587,es tal tu gracia y aunque yo al probarla di gloria a cuantos tratan de verterla y tu rostro es un pez llamado merla que nace en la laguna que hay en parla tus ojos son de aguja que al pasarla se pica cualquier sastre por meterla pues lo que es tu nariz si fuera perla no tuviera oro ofir para pagarla cierta bola interior tu boca verla tu barba a tener barbas fuera borla al pendon de una cara que almas turba a toda tu beldad tu boca merla y ves aqui tu rostro aunque sin orla en parla perla borla merla y burla,Heroico,Amoroso
355,sol ya hago voto a dios bta pues a dios vota hijo mio no tiemble cuando jura sol yo voto y juro por la virgen pura y es obra de virtud santa y devota y juro a dios bta la sangre me alborota viendo que persevera en su locura no jure hijo mas sol por que me apura madre que la paciencia seme agota y asi un millon de veces voto y juro de defender la honra de maria pues mientras juro mas soy mas premiado bta si eso es asi verdad jurar procuro tambien de defender la opinion pia mas ay que grande escrupulo me ha dado si habra en jurar pecado un alma que de ser perfecta trata autor esto dudo en san pedro una beata,Religioso Mistico,Religioso Mistico
138,enrique cuatro veces el estio robo al florido campo sus colores y al verano otras tantas vertio flores por los margenes verdes de este rio despues que lisonjero desvario surcando el falso mar de los amores corri fortuna y roto entre clamores dados en vano se anego el navio libre a tierra sali bese la arena y los despojos de la undosa furia pague cumpliendo el voto al sacro templo que me llama otra vez la faz serena del mar vuelva por mi mi propia injuria y de la ajena basta en ti el ejemplo,Amoroso,Amoroso
215,cefiro que en la hojas deleitoso de laureles espiras vencedores y despertando las dormidas flores suave olor les robas codicioso deja si a hurto aspiras mas dichoso tus lascivos y providos errores y donde lisi ostenta resplandores vuela agradablemente licencioso lleva si fueres a mi ruego humano estos suspiros y estas amorosas quejas donde envie mi pensamiento podras robar a las purpureas rosas de sus labios olor mas soberano y darle a mis deseos por sustento,Amoroso,Amoroso
472,al arbol de la vida esta fijada la arpa de david que no de apolo resonando del uno al otro polo con tres clavijas de dolor templada haciendo estaba musica acordada de siete voces que las canta el solo y oyendolas neptuno el fuego eolo y la tierra temblo de alborotada el lamentable acento llego al cielo y donde no se vio dolor ni llanto senales vimos de tristeza y duelo oyo una virgen el lloroso canto que es madre del dolor y del consuelo y en lagrimas bano su rostro santo,Melancolico,Religioso Mistico
228,columna de la religion cristiana de catolica fe firme sustento aquestas mis elegias os presento monumentos de gente castellana la vena que es esteril poco mana pero como senor de deis aliento podra la poquedad de mi talento servir a majestad tan soberana esta segunda parte se publica la cual sobre real favor estriba como cosa que tanto le conviene el don es pobre la voluntad rica esta rey soberano se reciba por ser de quien ofrece cuanto tiene,Religioso Mistico,Religioso Mistico
327,este que exhalacion sin consumirse por los cuatro elementos se pasea palestra es de mi marcial pelea y campo que no espera dividirse voile siguiendo y sigueme sin irse voime quedando y por quedarse emplea su mismo vuelo y hallo que desea ir y quedarse y con quedar partirse mi error me dice que su rapto apruebe pero donde camino si su esfera casi lo eterno con las alas mueve no me atrevo a seguirle aunque quisiera que corre mucho y temo que me lleve en el ultimo fin de la carrera,Amoroso,Amoroso
175,dejad las hebras de oro ensortijado que el anima me tienen enlazada y volved a la nieve no pisada lo blanco de esas rosas matizado dejad las perlas y el coral preciado de que esa boca esta tan adornada y al cielo de quien sois tan envidiada volved los soles que le habeis robado la gracia y discrecion que muestra ha sido del gran saber del celestial maestro volvedselo a la angelica natura y todo aquesto asi restituido vereis que lo que os queda es propio vuestro ser aspera cruel ingrata y dura,Religioso Mistico,Religioso Mistico
399,de sus doradas trenzas un cabello la bella ninfa doris cogio un dia que licenciosamente le ponia perfiles de oro al cristalino cuello con este sutil lazo cuanto bello las dos manos que asidas me tenia fuertemente me ataba y me decia en fe de mio no podras rompello burleme yo creyendo confiado ser tan facil romper tan flaco nudo mas cuando lo intente crecio mi pena vime tan fuertemente aprisionado que ni basto el valor ni industria pudo romper los hierros de tan gran cadena,Religioso Mistico,Religioso Mistico
544,doy que lisi te agravia y que no alcanza o fabio el privilegio de querida porque ignorantemente se te olvida que es mujer cuando acusas su mudanza quiza la quieres y esta destemplanza en tu amor la veras como corrida que despues es verguenza enternecida lo que en la ira parecio venganza no es conveniencia publicar tu agravio que a todos los que ahora le refieres luego los temeras como enemigos mira que puede ser que vuelvas fabio habla de lisi bien para que quieres en una infame paz tantos testigos,Amoroso,Amoroso
531,o tu que partes con seguro vuelo a la inmortalidad que ya te aclama y cenido de siempre verde rama apuestas duraciones con el cielo no te gima lloroso el desconsuelo ausencia breve tu morir se llama que quien muere naciendo de su fama triunfando vive de mortal recelo si tu mismo te labras tu memoria y burlando la humana confianza eres del tiempo y de la edad victoria tu solo te merece tu alabanza que no esta siempre en el osar la gloria ni en mi cede el efecto a la esperanza,Religioso Mistico,Amoroso
367,el parroco sagaz que irreverencia teme dando el viatico al doliente hace primero que la accion intente en simple forma practica experiencia y si con moderada diligencia ve que la pasa el timido paciente dale entonces a dios seguramente prenda de gloria abismo de clemencia con fin igual quiza con la estafeta en copias varias tropas y cuadrillas llego cierta eclesiastica reforma para que si en vulgar simple gaceta la tragan bien bonetes y capillas se aplique en breve la tremenda forma,Heroico,Religioso Mistico
214,descansa en marmol y mi pluma sea a tus cenizas dolorosa pira y ese mortal aliento que en ti inspira informe el numen de mi corta idea pues remontado a tanta luz febea entre esplendores que tu fama gira muerto mi afecto vivo alli te mira y vivo muerto duda no te vea descansa pues y huella mas ufano anciano joven globo cristalino de inalterable gloria cortesano y en tan pura region en tal destino quien te aclamaba montalban humano hoy te venere montalban divino,Religioso Mistico,Melancolico
489,el espanol altivo que desea aumentar en la fe del soberano desnude ya el estoque toledano que perderse su espana es cosa fea el que en techo patrio se recrea ponga el herrado pino ya en su mano paseando las popas a pie llano el pielago seguro de marea que nunca ha de faltar el pan y vino pues la tierra produce en abundancia y el apostol encarga a esta defensa porque es negocio y caso de importancia y servicio que se hace al uno y trino y a nuestro rey felipe en contra ofensa,Religioso Mistico,Religioso Mistico
473,italica do estas tu lozania tendida yace al peso de los anos quien a la luz que dan tus desenganos en la sombra veloz del tiempo fia cedio tu pompa a la fatal porfia de tirana ambicion de los extranos mas hizote el ejemplo de tus danos libro de sabios de ignorantes guia mal dije no humillo tus torres claras tiempo ni emulacion con manos fieras que a resistirte de las dos triunfaras tu morir fue deber que si hoy vivieras ni a tus heroes mas triunfos les hallaras ni del mundo en el ambito cupieras,Melancolico,Melancolico
364,vive el que muerto ya morir no puede cuya alabanza para siempre vive y si ella eternidad aca recibe la verdadera alla se le concede a toda humana facultad excede este inmortal de quien la fama escribe porque con el silencio que apercibe el muerto vivo satisfecho quede verdad es que murio pero no muere quien gloria y vida eterna ha conseguido con la de su alabanza justamente haga la muerte en fin cuanto quisiere que vidas que jamas ha conocido no las podra quitar perpetuamente,Melancolico,Melancolico
207,en duro escollo expuesta al mar insano la no culpada hija de cefeo mueve a piedad el reino de nereo remedio a su dolor pidiendo en vano cuando rompiendo el aire con liviano vuelo se muestra el vencedor perseo que con el gran despojo meduseo orna glorioso la triunfante mano de la doncella el llanto y la hermosura enviaron a un tiempo al pecho fuerte de lastima y amor agudas flechas del mar la libra y de la bestia dura trocando en vida la temida muerte y en nupciales cantares las endechas,Melancolico,Melancolico
4,este soberbio monte y levantada cumbre ciudad un tiempo hoy sepultura de la grandeza cuya fama dura contra la fuerza de la suerte airada ejemplo cierto fue en la edad pasada y sera fiel testigo a la futura del fin que ha de tener la mas segura pujanza vanamente confiada mas en tanta ruina nueva gloria no os pudo fallecer oh celebrados de la antigua cartago ilustres muros que mucho mas crecio vuestra memoria porque fuisteis del tiempo derribados que si permanecierades seguros,Melancolico,Melancolico
583,ya sepultado en su memoria yace quien tanto prefirio su misma gloria diganlo su esplendor y su victoria nobles cenizas en quien hoy renace el eje helado su opinion abrace y en el orbe su fama sea notoria de capitulos sirvan a su historia las que estrelladas hojas tauro pace que se atreva a contar la parca horrible la cerviz que la tierra tiene absorta despecho fue cruel pero posible que corte y que ejecute nada importa mas pensar que ella vence es increible pues lope triunfa de lo que ella corta,Heroico,Melancolico
598,esta resplandeciente y viva llama que alumbra al mundo y se levanta al cielo esta que ilustra al gran senor de delo y desde el tajo al ganges se derrama esta que a la virtud incita y llama con nuevo ejemplo a todos los del suelo y presta porque de mas alto el vuelo mil ojos y mil alas a la fama no la entendio el varon que con su pluma canto de su troyano el gran renombre ni aquel por sus dos lauras celebrado que de estos y de todo mortal hombre eres o gran padilla tu la suma y tal llama en tal pecho se ha criado,Religioso Mistico,Religioso Mistico
285,rompa ya el silencio el amor mio y provoquele en leguas desatado que vivir con ofensas y callado no puede ser aunque bien lo porfio pero como de amante desconfio morir mejor sera desesperado pues no quieres que tenga mi cuidado ni que le ponga en otra mi albedrio en fin como la pena me maltrata vivir mas sin penar ya no lo espero ni detener cristal que se desata y asi resuelto ya me desespero viendo yo que tu propio rigor mata a mi amor con que asi dos veces muero,Amoroso,Amoroso
559,hermosas ninfas que en la fertil moya donde flora le dio nombre a su estancia gozais de la frescura y la fragancia que a tan discretos animos apoya aqui donde el amor pesca sin boya y nunca sale de ella sin ganancia y pudiera el autor sin arrogancia decir por lo pasado aqui fue troya de aquellas verdes hojas que en rehenes cogio aquel que de dafne ya carece componiendo guirnalda variada cenireis de silvestre ambas sienes pues con sus versos honra y engrandece de vuestra amenidad la patria amada,Amoroso,Amoroso
46,hoy por vandalia insigne y su cabeza magnifico sepulcro al cuerpo santo de margarita se dedica en tanto que el alma goza de mayor alteza no el rico adorno y la imperial grandeza mueva a curiosa admiracion y espanto los ojos mismos que a dolor y a llanto debe mover y a funeral tristeza ya en cuanto espacio el universo estiende su grave faz todo placer destierra la muerte ufana de tan noble palma ella se alegre alegrese la tierra que las cenizas envolver pretende y el cielo puro que atesora el alma,Religioso Mistico,Religioso Mistico
294,aquesta ya de alcides osadia que profana del sol sagrado asiento contra sus rayos verde atrevimiento pasando a descortes su demasia esta que no al olimpo desafia pues besa de su alteza el fundamento vanidad de esmeralda que en el viento bate tornasolada argenteria esta del prado babilonia hojosa terrero do festejan las estrellas en confusion armonica las aves cadaver estara su pompa hermosa y amarillas leeran sus hojas bellas muda leccion a nuestras vidas graves,Amoroso,Amoroso
147,dafne suelto el cabello por la espalda cuyas hebras tremola el fresco viento huye ligera mas que el pensamiento que aun no huella la hierba de esmeralda tine la cara de color de gualda cuando oye cerca el enemigo aliento del dios que forma celos del contento que goza el viento alzandole la falda viendo que corre y vuela y no la alcanza le grita ninfa hermosa pues te adoro detente aguarda mira el bien que pierdes mas secasele el verde a su esperanza cuando mira las crespas hebras de oro de un laurel trasformarse en hojas verdes,Amoroso,Amoroso
496,no ha muerto lope pues aun hoy respira la fama con aliento dilatado y el olvido que a tantos ha borrado apenas de los ojos le retira antes parece ya segun se mira de nuevos esplendores adornado que la llama vital que soplo el hado se esforzo con la llama de la pira y si en lo activo de ese incendio ha sido el termino preciso en lo luciente vincularan los tiempos lo mudable o grande admiracion pues ha podido de una llama que ardio caducamente resultar una luz indeclinable,Melancolico,Melancolico
443,tienen los garamantes una fuente que por oculta calidad del suelo el agua tiene fria como el hielo cuando la hiere el sol resplandeciente mas luego que en la mar moja la frente y el mundo se oscurece y en el cielo tiende la negra noche el rico velo hierve y abrasa como fuego ardiente asi yo triste en fuente convertido de llanto estoy helado en la presencia de los ojos que son el sol que temo mas luego que oscurece mi sentido la oscurisima noche de su ausencia en vivo fuego me consumo y quemo,Melancolico,Religioso Mistico
83,esta de santiago espada ardiente merecido blason timbre glorioso que ennoblece tu pecho belicoso que solicita lauros a tu frente sonoras trompas a tu fama aumente pues con denuedo y animo brioso te ostentas marte al barbaro alevoso te vibras rayo a la enemiga gente de donde gloria tanta se ocasiona pues la primera catedra presides de la fatal escuela de belona como arbitro absoluto de sus lides de donde de que tu valor te abona por maza fuerte del invicto alcides,Melancolico,Amoroso
332,buscan al nino el padre putativo y la virgen purisima afligidos con lagrimas sollozos y gemidos oh caso lastimoso y compasivo y aunque en su alma llevan al dios vivo nino lo buscan de su amor heridos entre parientes y entre conocidos con dolor penalisimo excesivo y no lo hallan dandonos ejemplo jesus de que si hallarte deseamos no entre carne y sangre te busquemos y pues tu madre purisima en el templo lo halla tambien nos verte podremos si en las cosas de dios nos ocupamos,Religioso Mistico,Religioso Mistico
511,oh lozanico vaso vidrioso oh agua clara fresca dulce y pura oh rosas delicadas en quien dura un ser suave lindo y oloroso el claro cielo empireo glorioso oh limpio vidrio en ti se me figura y en esa tu agua dulce la dulzura que hinche aquel lugar tan deleitoso las coloradas rosa que en ti veo las gloriosas almas representan que gozan del bien sumo y la alegria divinas esperanzas me sustentan padre del cielo cumple mi deseo que sea rosa tal el alma mia,Religioso Mistico,Amoroso
566,honro las verdes selvas de honor santo un tiempo de espinosa el tierno acento dio al monte de esmeraldas ornamento y al rio margen de florido acanto su voz en gloria ajena puede tanto que ilustra ahora la region del viento el cual lleva con blando movimiento al rio al monte y selva el nuevo canto y en agradecimiento y porque vuelva otra vez a ilustrarles su horizonte a oir la voz que hiere el aire frio con alas de laurel vino la selva con plantas de esmeraldas vino el monte con riendas de cristal se paro el rio,Heroico,Melancolico
462,si desdicha en amor desdicha fuera yo fuera mas que todos desdichado pues siempre pretendi desesperado porque nunca alcance lo que quisiera mas si dejar de amarte yo pudiera al punto diera fin a mi cuidado con la experiencia ya desenganado de que mi amor su fruto en vano espera quisiera no quererte no gozarte que ya es desdicha en mi haberte querido pues si te gozo tengo de perderte no quiero bien si he de dejar de amarte que el amarte no mas mi vida ha sido y no quiero gozarte por quererte,Amoroso,Amoroso
183,vive oh grande varona mayor fama que te sepa querer la musa mia vive que a tu ceniza aun no bien fria aliento induce repetida llama desprecio de la luz que el sol derrama te presta ardientes mientras forma el dia y como a fenix atropos te fia y a tu nuevo vivir laquesis trama oh tu siempre feliz pues no es incierto que te fomenta apolo como al ave aquella que antes leve fue ceniza oh tu siempre feliz pues aun no has muerto cuando empezando vida mas suave en tu muerte tu vida se eterniza,Amoroso,Melancolico
193,presenta ufano a cesar victorioso el tirano de menfis inclemente la temida cabeza que al oriente tuvo al son de las armas temeroso no pudo dar el corazon piadoso enjutos ojos ni serena frente al don funesto mas gimio impaciente de tal crueldad y repitio lloroso tu gran pompeyo en la fatal caida seras ejemplo de la humana gloria y cierto aviso de su fin incierto cuanto se debe a tu virtud crecida cuan costoso en tu muerte es mi victoria vivo te aborreci te lloro muerto,Melancolico,Melancolico
241,mortales habeis visto mayor cosa que siendo muerte me he tornado vida y de aspera cruel y desabrida me he hecho blanda dulce y amorosa ya me codician todos por hermosa y de quien era mas aborrecida soy con alegre cara recibida por suerte deseada y venturosa sabeis de que manera el mortal velo del alma santa desate de aquella por quien era el vivir dulce agradable murio dona maria y subio al cielo quedo hecho el vivir muerte sin ella y alegre vida yo dulce y afable,Religioso Mistico,Religioso Mistico
411,licio no hay quien olvide de obstinado que aquel que se conoce bien rendido cuantas razones le busco la olvido las encuentra de parte del cuidado de sanar le deseo porfiado esta llamando al mal adormecido y el que siempre recusa el pie oprimido no puede hallar el lazo descuidado aguarda a que el amor quiera librarte y pude ser que triunfes sin victoria solo con que la fuerza no le impidas tu yerras licio el modo de curarte que para no inquietar a la memoria aun no te has de acordar de que te olvidas,Amoroso,Amoroso
144,dormia en un prado mi pastora hermosa y en torno de ella erraba entre la flores de una en otra usurpando los licores una abejuela mas que yo dichosa que vio los labios donde amor reposa y a quien el alba envidia los colores y al vuelo refrenando los errores enganada los muerde como a rosa oh venturoso error discreto engano oh temeraria abeja pues tocaste donde aun imaginarlo no me atrevo si has sentido de envidia el triste dano parte conmigo el nectar que robaste te debere lo que al amor no debo,Amoroso,Amoroso
70,en el coro de amor con voz sirena corazones atraes vidas encantas nise divina con dulzuras tantas que reduces a gloria lo que es pena suspendida no canta filomena la suavidad oyendo con que cantas y a las metricas voces que levantas el cefiro en los arboles no suena el arroyo entre flores detenido al dulce quiebro de tu dulce lira queda en florido talamo dormido pues si como tu luz tu canto admira a quien falta razon vida y sentido que hara con alma quien por ti suspira,Amoroso,Amoroso
400,sabe que este sepulcro o pasajero no esta para cenizas prevenido que fuera darte senas de haber sido y que se consumio el ardor primero aqui pues tan activo tan entero al viento de la fama se ha encendido que vivira su luz contra el olvido y las sombras del tiempo mas severo su llama a quien las musas y el parnaso con numeroso llanto no la ofenden antes su ser dilata y sus ardores las veras como el sol en el ocaso que cuanto mas se ausenta mas enciende y en mas aumento da sus resplandores,Melancolico,Melancolico
594,partiendo de la luz donde solia venir su luz mis ojos han cegado perdio tambien el corazon cuitado el precioso manjar de que vivia el alma desecho la compania del cuerpo y fuese tras el rostro amado asi en mi triste ausencia ha siempre estado ciego y con hambre y sin el alma mia agora que al lugar que el pensamiento nunca dexo mis pasos presurosos despues de mil trabajos me han traido cobraron luz mis ojos tenebrosos y su pastura el corazon hambriento pero no tornara el alma a su nido,Amoroso,Amoroso
360,prisionero infeliz donde no expira aura suave ni apacible viento mis penas lloro mis desdichas siento que hiere un mal cuando otro se retira pajaro asi que en libertad se mira solo a su voz y a la del aire atento lamenta la prision gime al tormento cuando el perdido bien preso suspira rigor fue de torturas que previno tirana siempre de mi amor al fuego inhumana crueldad barbaros lazos oh rapaz tu en victoria peregrino por que permites pues te sigo ciego cadena injusta a mis amantes brazos,Amoroso,Amoroso
152,amar quiero sin premio y nunca puedo que amar es premio padecer querria y el dolor tanto agrada al alma mia que de este gusto escrupuloso quedo apetezco morir y en el denuedo hallo nueva razon de cobardia que huyo del mal y toma la osadia la parte del vivir la voz del miedo si vivo mi dolor desacredito si muero y amo el alma lo condena que uno es comodidad y otro delito oh novedad de mas desdicha ajena que vida sobre a un mal que es infinito y no baste el morir para una pena,Amoroso,Melancolico
203,el triste fin la suerte infortunada ajeno premio de la fe constante del uno y otro miserable amante a quien perdio una noche y una espada encierra en sobre oscura esta labrada piedra tu peregrino caminante repara el grave caso y con semblante pio suspende el curso a tu jornada que daras tiernas lagrimas no dudo a las cenizas donde aun dura ardiente el fuego que causo desdicha tanta debida compasion al mal que pudo trocar color en la cercana fuente y el de su fruto en la silvestre planta,Religioso Mistico,Melancolico
41,hoy queda para siempre declarado vaga espaciosa fertil y agradable que es el fruto que das inestimable puro precioso rico y regalado pues le ofreces a todos sazonado util al alma y a la vista amable con una erudicion incomparable y en estilo jamas imaginado no solo es digno de que ganes nombre y le gane madrid cual madre tuya honrada de tenerte por su hijo mas de que el tajo nueva envidia asombre de que al betis la gloria se atribuya de hallar mecenas en don juan de arguijo,Religioso Mistico,Religioso Mistico
163,como me viese amor desnudo y tierno temblando el triste va buscando un dia donde escaparse de la nieve fria y el hielo mitigar del recio invierno mas como vido el resplandor eterno que de la hermosa fili alli se via lumbre debe de haber aqui decia y entrando busca a su dolor gobierno toco en el seno el nino y diole enojos que estaba frio mas que nieve el seno y el corazon que es piedra mal le trata huyo del corazon fuese a los ojos y como vio lugar tan dulce y bueno alli quiso vivir y de alli mata,Amoroso,Amoroso
437,este postumo honor del ya segundo si primo apolo no pompa altanera dice la que hoy dejo noche postrera a las musas sin luz sin sol al mundo extinto aclama al heroe mas fecundo oraculo espanol a quien venera espana muerto y de quien muerto espera de tanta vega fruto bien fecundo admira o peregrino o tu que errante espectaculos buscas tanta gloria fin tan lloroso a mente tan lucida contempla de esta pira lo elegante y erige eterno templo en la memoria al que a las penas con su voz dio vida,Heroico,Religioso Mistico
254,famoso nombre cordoba la llana recibe porque a seneca ha criado apuleyo a africa ha ensalzado no menos que a su traza soberana caton el sabio a la nacion romana inmensa gloria con su ciencia ha dado sinon su humilde patria ha levantado crisipo establecio la ley tebana homero a grecia puso en gran alteza cartago por creson fue ennoblecida apolo a delfos dio dichosa suerte si en estas caber vemos tal grandeza con cuanta mas razon engrandecida a de ser cartagena sabia y fuerte los cielos porque acierte en un poeta influyen arte y ciencia solo para que alabe su excelencia,Heroico,Religioso Mistico
262,si el sol se pone yo a la muerte llego quien detenerlo por vivir pudiera deten dorado apolo el carro espera mas el sol no se para a nuestro ruego oh tu senora por quien vivo ciego alza los claros ojos a la esfera y dile al sol que pare su carrera o no le prestaras la luz y el fuego que por solo mirar tu hermosura parara los caballos admirado y no vendra la noche de mi muerte mas ay triste de mi quien me asegura que de ver lo que excedes afrentado no les de rienda y huya por no verte,Melancolico,Amoroso
111,dulcisimo jesus mi amor festina festina que por verte peno y muero muero por ti y ansi mi amor lo quiero quierolo porque amor a esto me inclina incliname a decir mi amor camina camina mas que le gamo muy ligero ligero y sin tardarte porque espero espero que esperando amor se afina enfermo estoy de amor y muy sediento sediento como el siervo fatigado fatigado de amor tengo mi pecho mi pecho solo en verte esta contento contento no hay sin ti jesus amado amado con amor fuerte y estrecho,Amoroso,Amoroso
